{
  "main": {
    "id": "251a7d847047857f",
    "type": "split",
    "children": [
      {
        "id": "d50cff899ae9fb04",
        "type": "tabs",
        "children": [
          {
            "id": "1df855a43b5514ac",
            "type": "leaf",
            "state": {
              "type": "markdown",
              "state": {
                "file": "Others/用户群体.md",
                "mode": "source",
                "source": false
              }
            }
          },
          {
            "id": "f977599d27ebdcc8",
            "type": "leaf",
            "state": {
              "type": "markdown",
              "state": {
                "file": "Others/营养搭配合理度.md",
                "mode": "source",
                "source": false
              }
            }
          },
          {
            "id": "129d21c91b9039ae",
            "type": "leaf",
            "state": {
              "type": "markdown",
              "state": {
                "file": "食材/番茄.md",
                "mode": "source",
                "source": false
              }
            }
          },
          {
            "id": "63ba983a48995091",
            "type": "leaf",
            "state": {
              "type": "markdown",
              "state": {
                "file": "食材/番茄.md",
                "mode": "source",
                "source": false
              }
            }
          },
          {
            "id": "bd9200e38ce30b46",
            "type": "leaf",
            "state": {
              "type": "markdown",
              "state": {
                "file": "菜谱/朝鲜冷面.md",
                "mode": "source",
                "source": false
              }
            }
          }
        ],
        "currentTab": 4
      }
    ],
    "direction": "vertical"
  },
  "left": {
    "id": "47f9fd0d3a237ed0",
    "type": "split",
    "children": [
      {
        "id": "d8eacd2e6ac5a001",
        "type": "tabs",
        "children": [
          {
            "id": "a7edaaa4600dc339",
            "type": "leaf",
            "state": {
              "type": "file-explorer",
              "state": {
                "sortOrder": "alphabetical"
              }
            }
          },
          {
            "id": "815e5b4bc8f8792c",
            "type": "leaf",
            "state": {
              "type": "search",
              "state": {
                "query": "",
                "matchingCase": false,
                "explainSearch": false,
                "collapseAll": false,
                "extraContext": false,
                "sortOrder": "alphabetical"
              }
            }
          },
          {
            "id": "fbf0b80e3b45b061",
            "type": "leaf",
            "state": {
              "type": "starred",
              "state": {}
            }
          },
          {
            "id": "83b31effcb07ff1c",
            "type": "leaf",
            "state": {
              "type": "recent-files",
              "state": {}
            }
          }
        ]
      }
    ],
    "direction": "horizontal",
    "width": 241.5
  },
  "right": {
    "id": "3f64e98f1d47018e",
    "type": "split",
    "children": [
      {
        "id": "38d0c53d21d613eb",
        "type": "tabs",
        "children": [
          {
            "id": "1103161dcc4cbe9f",
            "type": "leaf",
            "state": {
              "type": "backlink",
              "state": {
                "file": "菜谱/朝鲜冷面.md",
                "collapseAll": false,
                "extraContext": false,
                "sortOrder": "alphabetical",
                "showSearch": false,
                "searchQuery": "",
                "backlinkCollapsed": false,
                "unlinkedCollapsed": true
              }
            }
          },
          {
            "id": "48ddd47ccc0244cf",
            "type": "leaf",
            "state": {
              "type": "outgoing-link",
              "state": {
                "file": "菜谱/朝鲜冷面.md",
                "linksCollapsed": false,
                "unlinkedCollapsed": true
              }
            }
          },
          {
            "id": "1cf094b648f1f67f",
            "type": "leaf",
            "state": {
              "type": "tag",
              "state": {
                "sortOrder": "frequency",
                "useHierarchy": true
              }
            }
          },
          {
            "id": "6db7cd0067d9d7f4",
            "type": "leaf",
            "state": {
              "type": "outline",
              "state": {
                "file": "菜谱/朝鲜冷面.md"
              }
            }
          }
        ]
      }
    ],
    "direction": "horizontal",
    "width": 300
  },
  "left-ribbon": {
    "hiddenItems": {
      "switcher:Open quick switcher": false,
      "graph:Open graph view": false,
      "canvas:Create new canvas": false,
      "daily-notes:Open today's daily note": false,
      "templates:Insert template": false,
      "command-palette:Open command palette": false,
      "table-editor-obsidian:Advanced Tables Toolbar": false
    }
  },
  "active": "a7edaaa4600dc339",
  "lastOpenFiles": [
    "菜谱.md",
    "菜谱各方面.md",
    "Others/用户群体.md",
    "食材/食材.md",
    "菜谱/朝鲜冷面.md",
    "菜谱",
    "Others/营养搭配合理度.md",
    "Others/小孩.md",
    "Others/工具.md",
    "Others/热量高度.md",
    "Others/烹饪时间.md",
    "Others/菜系.md",
    "Others/痛风群体-或者各种亚健康3高人群.md",
    "Others",
    "烹饪时间",
    "工具",
    "食材/供应商/咕咕熊朝鲜族冷面280g.md",
    "食材/供应商",
    "食材/牛肉片.md",
    "食材/番茄.md",
    "食材/黄瓜.md",
    "食材",
    "食材/香菜.md",
    "食材/蛋.md"
  ]
}